mutant,biological replicate,technical replicate,cell culture 10 hr WT counts,cell culture 10 hr mutant counts,cell culture 10 hr ratio WT to mutant,cell culture 72 hr WT counts,cell culture 72 hr mutant counts,cell culture 72 hr ratio WT to mutant,cell culture enrichment of WT relative to mutant (72 hr:10 hr),mouse WT counts,mouse mutant counts,mouse enrichment of WT relative to mutant (mouse:10 hr cell culture)
1ATG_43_GTA,1,a,21233,29234,0.726,14200,26457,0.537,0.74,3720,3766,1.361
1ATG_43_GTA,1,b,,,,,,,,5386,3829,1.938
1ATG_43_GTA,1,c,,,,,,,,4659,4458,1.439
1ATG_43_GTA,2,a,21954,13148,1.67,20510,14954,1.372,0.822,7623,1711,2.668
1ATG_43_GTA,2,b,,,,,,,,7145,1346,3.178
1ATG_43_GTA,2,c,,,,,,,,7714,2008,2.301
1ATG_43_GTA,3,a,12273,14892,0.824,13889,21245,0.654,0.794,6262,3687,2.061
1ATG_43_GTA,3,b,,,,,,,,6676,3783,2.142
1ATG_43_GTA,3,c,,,,,,,,3990,2620,1.848
1ATG_43_TTA,1,a,21674,8953,2.421,25311,10227,2.475,1.022,5334,1913,1.152
1ATG_43_TTA,1,b,,,,,,,,4817,1678,1.186
1ATG_43_TTA,1,c,,,,,,,,3492,1142,1.263
1ATG_43_TTA,2,a,16710,13711,1.219,19337,18413,1.05,0.861,6908,4957,1.144
1ATG_43_TTA,2,b,,,,,,,,6500,5812,0.917
1ATG_43_TTA,2,c,,,,,,,,6399,5200,1.01
1ATG_43_TTA,3,a,11317,18086,0.626,14165,25800,0.549,0.877,4270,8001,0.853
1ATG_43_TTA,3,b,,,,,,,,4089,6213,1.051
1ATG_43_TTA,3,c,,,,,,,,5578,5925,1.503
